age,income,balance,tenure,transactions,utilization,target
61.9210787195,,23622.5757777796,5.2089116830,28.5460001934,0.5194132650,1
61.9271035310,60793.5939787942,10353.9349995677,6.7414547640,21.4568548907,0.3857689157,1
37.0323541361,77986.0169546332,21338.8439447579,3.5181973093,15.0582902078,0.1247777299,1
60.1504896099,54392.7280401781,27035.4968744587,6.2523967814,33.5517021970,0.7266797957,1
43.8195812722,97019.0854964609,6448.8883055102,8.7758544290,6.1566109793,0.5117825462,0
52.7785176305,65590.8035412193,,2.5833198660,15.2575998789,0.6392025257,0
50.6900733550,53446.7134258790,3785.9608741842,7.0219917257,6.4010085082,0.3544461172,0
31.1820594737,78581.6302559404,17123.5476724251,6.3855641968,20.1792632837,0.3279725791,0
46.4257117966,95311.5092101110,14669.0588134986,6.9007833934,16.9927744563,0.6351399769,1
47.9996398258,81895.4867697803,18135.8069600315,9.9200116463,15.1107953710,,1
32.8976801975,75274.0675492118,9398.3975636401,3.0664020905,23.8197986370,0.6591772390,0
46.8922178627,-7077.5888866714,6417.3079529538,1.7795315581,8.3399105622,0.3766018233,0
61.8105188044,52315.0361558522,8380.9880307356,7.0964682345,18.5533738355,0.4717226032,0
31.7599106551,59962.3883240521,18910.8346183275,0.0000000000,5.1182053519,0.6452209006,0
50.1160548991,47333.5820610219,5818.1648602450,4.4433601229,8.4507816765,0.3887825417,0
59.8132050877,63301.7960876633,25496.5959271932,4.3321384139,20.9553244953,0.6994494887,1
23.9687493133,51313.0501337544,13587.9134950911,5.8459435381,30.4293337824,0.5733948606,0
22.0280008178,,6957.2092606528,2.2428589101,34.1986217200,0.2586652769,1
42.8367420989,42119.6941980320,22748.8284595672,6.0611097156,19.0194217448,0.4362899148,1
53.6526029989,36707.5028715207,8457.5550721064,1.6501818583,28.6763712978,0.3971580517,1
27.5511907515,49523.1649918010,37496.8242772084,4.6775811363,24.8001647819,0.5337327288,1
39.8514006150,42682.3762162890,11991.3428361824,3.9366427547,0.3257906004,0.9162237898,0
51.0980350953,62907.1626691774,13169.8577544490,2.6310668548,25.5969737238,0.4163659226,0
45.7512707090,25312.6207975008,18406.2888308173,11.0009034805,15.6829690825,0.5939918908,1
40.4240036453,87629.7635080136,24606.8205839721,5.1849391134,13.5233165598,0.5016157491,0
40.5012283534,44552.4173592471,19108.3096273987,6.2969685856,10.8877871617,0.4299321784,0
75.0536740919,80420.8621813613,15880.0137975992,12.5332471211,14.3567744112,0.0200000000,1
18.0000000000,22012.2246552424,17340.4954882504,7.9290688860,0.6384780906,0.6511038698,0
25.2671387131,66410.8712057154,,6.2969895011,18.0603766422,0.4807791925,1
26.3221582006,66955.4222599111,23816.8712828326,7.7786678923,38.9028232566,0.6449818575,1
48.7171282714,101587.5147929461,17170.2387472973,1.1303683406,0.0811211413,0.6797827649,0
46.8163761879,81182.4238593054,12004.1259337430,6.0344881885,33.0590528247,0.5102701563,1
26.6137758848,49213.7571091329,27465.9955402830,1.7301168071,0.0000000000,0.0370880662,1
23.9327324966,79984.8382123313,15796.1688083461,2.7281686185,7.7189077647,0.4294819245,0
38.0848524035,,12792.7126855284,2.7104546684,32.4257755247,0.0239505542,1
41.4662662716,34639.8606370661,21358.6479465219,4.2946814079,20.9281715780,0.5456873239,1
42.4639148608,84776.0115436004,2476.7002098284,7.8550967365,16.2484604030,0.5185159879,0
58.6784004892,88110.1709307240,32855.1563436241,0.0000000000,10.3529467765,0.6235501801,0
26.4318624888,55435.1796546666,30370.8827512370,7.6240999699,10.3018506403,,0
47.7436060035,61684.4096503752,14095.4429298454,5.4246724268,5.9958904328,0.4727722353,0
28.3970670478,69839.2767838661,18862.9526313932,2.3216201936,22.9013691529,0.5140462373,1
39.4948445593,78145.1680520678,12184.8297307055,4.1475260533,18.6222894372,0.4393398953,0
53.7060024554,651.3691152660,12205.7380233288,0.0000000000,13.7900904162,0.4918010827,0
39.7342456732,83483.2966906410,17579.6489463798,0.0000000000,8.7332563613,0.7224592488,0
58.1910448786,61308.6769755784,583.9106894110,11.3564122103,0.7757175467,0.4950437699,0
38.6575229729,64451.7438844010,3833.5437846012,3.5832717020,26.0171944612,0.3480498242,1
22.4627939352,57578.5027048114,15056.4195216076,4.3381241826,10.9809268976,0.5319150233,0
37.4415047600,28377.5521003913,16193.8036675012,4.6492597507,18.4714828722,0.1272271648,1
29.7065375495,69324.9958992426,22663.4719311708,5.8054647259,18.6794283021,0.5683455180,0
51.0371470711,102722.7399789928,18745.4548649667,3.1463035728,21.4663084751,0.0910235993,1
40.2427400786,48065.7688687116,14535.6663753195,6.3990874915,18.2287391855,0.1849967685,1
35.4799809799,,,6.0432749752,10.1897995781,0.5802506099,0
55.5194132285,53027.8893643013,21493.1718695134,0.5314769012,13.6197100424,0.6223977952,0
18.7392813388,47190.4352715455,6880.9706372088,8.4314558381,27.1259689487,0.3367494026,0
41.4188584288,-5464.8832367799,22605.6475574526,6.0346792229,28.5734121142,0.0200000000,1
44.1094186611,51037.6916955191,-8558.2449536290,2.9045505499,17.3102029631,0.5935431227,0
42.2824124257,46940.4742984286,18951.8790998916,4.6567813185,12.7479383802,0.2652155648,1
41.7141104004,63772.3761103487,31521.9496497737,3.6284168022,30.7941321550,0.5122911789,1
54.0842315543,37245.1097619348,7094.3609530997,4.0635175450,25.1416623303,0.4811848703,1
49.0095660563,67898.9682083604,24245.5247775588,5.5910110861,13.7880841890,0.5425286221,1
41.0804044964,103708.4161812806,13562.5008090468,5.3270733567,15.5484838979,0.6580998868,0
50.4953901859,76277.4806634249,3779.7663266907,0.4503649205,20.1189815075,0.5799668168,0
57.7503766790,15107.6691638982,13467.2529426935,0.0000000000,10.3141747183,0.4102015846,0
51.5562389619,46834.5804874452,8536.4024535860,4.0405088384,28.0613292294,0.8848643301,0
21.4958774845,53162.5554525739,11127.3095527209,8.5064050486,21.4853296541,0.7273312698,0
27.8544697441,60344.3128354147,10900.0040146862,1.7107500096,16.7357280238,0.2367901111,0
66.0714614272,70432.2779247756,5851.8617222689,3.1818547150,31.8610919130,0.3639386954,1
48.3292656036,74591.3606165735,24834.5850054673,6.9041463070,16.3190859386,,1
18.6906833305,,16248.3139601884,3.9194161502,16.8509010924,0.2314885059,1
66.0540421776,47474.6807583956,5681.4299562768,3.2089675848,16.6522327302,0.5835418685,0
18.0000000000,72893.8958637348,9457.3709970221,4.4622959534,26.1397014019,0.5880053001,0
31.8618425884,57681.6751631595,31866.1315645949,9.0892949886,24.9660971151,0.4520929223,1
51.5893454933,70010.9540432925,10093.0544824780,2.0088926125,22.2164727974,0.5195705083,1
54.5386831641,48025.1448146003,27661.6119027261,3.9168052516,28.0831596581,0.5491365628,1
33.1270908257,36422.8489096572,,4.2195067112,25.5541266145,0.3262286996,1
22.3087187670,59626.2907930515,32339.3003798358,9.9266065375,13.0556783230,0.4013171155,0
43.8713979196,43510.1826316495,12826.0734525628,4.1844701793,9.6279621749,0.3393025271,0
34.2221308116,65959.0808384185,4381.9191292334,5.3256933758,10.1684942214,0.3049461965,0
26.5476844584,160375.2538753119,26339.8925236087,9.0448727907,24.5295060251,0.4082115975,1
40.8482261873,67306.7935287205,19053.9737217212,6.7934006365,30.2373776047,0.0200000000,1
33.3718772427,77004.2893622845,11800.5483763809,4.5376209706,29.9493450737,0.4849332994,0
61.4208037975,58963.3103307175,17156.1310363520,1.8061223992,2.1148618528,0.3749935636,0
40.7622639808,51402.0598987188,2879.3768162461,6.9756095565,18.5827662563,0.4519736786,0
30.6757092410,101257.4573336344,28312.2489555409,5.9278656986,17.0829556542,0.4957457449,0
60.3745561486,130295.9996287115,15119.1074044123,3.7226291499,3.5073292915,0.9538734791,0
26.7560548242,,19515.0640068486,9.0078166594,11.1226608325,0.1583770515,1
41.8057115843,70318.2712712683,25362.2893147681,0.0000000000,14.3785787135,0.4028644557,1
23.7681876701,55966.6755526187,22219.8243787556,4.9035376927,6.4948567929,0.5127831970,0
50.3355357206,73474.3320926209,22132.5468453129,0.0444722689,21.7093080079,0.5585636540,1
35.5144755976,58689.2958835438,8069.6170106413,8.7168974520,15.6309521880,0.2803805304,1
42.2721898826,62861.2809846971,21046.6882654752,2.5031934353,12.6038915368,0.5196080741,0
66.8910545078,71759.8778531640,2750.1305849742,5.5162244677,11.7876225414,0.1169375318,1
31.8135315591,45675.1860115095,18795.6943599331,8.9755018273,27.1438127647,0.5963814038,1
34.8420338632,63991.5372853580,14670.0748599578,9.2414151507,12.8012591751,0.3514633931,1
58.0170369306,74536.5642459495,10983.9019445375,5.5069290243,19.2299203131,0.4847918310,1
49.6705392420,69294.3415682856,13384.1425258094,3.4927149155,4.1982156601,0.3720965736,0
53.8135106715,65806.6158230319,9160.2880127978,4.2845804983,11.1753232378,,0
64.1909755165,105407.1708733049,,7.3698020105,16.2416476740,0.2276086169,1
40.2356737288,48983.0197936622,22581.1881235209,5.5079903356,13.4725971730,0.5335228903,0
75.2361491447,37584.5071414323,25351.0714641364,6.8277432316,17.3263432143,0.3158810618,1
40.4192981333,65873.5277820663,22073.1279215457,7.1622427439,20.6851486313,0.3297334872,1
43.8219269399,48694.2777559403,5725.2564421935,7.7369943373,12.7933097980,0.2370039502,1
41.1788778893,,14519.3222745901,6.3808321854,14.7205207323,0.4947680345,0
66.0073667099,95888.5309320956,23482.6550944916,6.8277905652,13.9238864477,0.4262021344,1
36.6469133657,60840.0348046142,16104.5154776416,2.5851116852,30.9511329596,0.2631198558,1
44.4002944028,85946.5623269888,14761.6475813317,2.9958994960,18.2673553902,0.7997145263,1
47.5132464915,52759.8270164024,20265.4551729236,4.4108924390,2.9875911659,0.4939831986,1
52.5170303172,88886.8666639360,14412.7234573206,0.7610454332,27.5943948266,0.4221062571,1
48.8521386993,88273.8642139565,18047.4836942595,4.8126095919,12.9569025691,0.3715981162,1
40.3396841983,48340.3376971915,18240.1662974469,0.0000000000,9.8485936179,0.4430483182,0
31.5582348936,46312.8412153708,4657.1595399899,6.9832356075,30.9633559331,0.2664014673,1
53.6392790333,23248.1640103527,16120.7988817319,0.0000000000,21.7505400032,0.4506497592,0
41.4652549215,89964.1892000756,20155.4806277384,4.8552837391,11.2600552808,0.4547994075,1
31.3825374794,48791.5073786491,28073.9768395699,7.5487597648,20.0819866676,0.5580599117,1
22.3292577852,61905.6112316469,-510.9154485477,2.9046794316,20.6889221761,0.5115789502,0
47.9708466372,62901.4014589001,15079.2189856943,4.8597819540,28.8776700351,0.6755523712,0
21.9362031345,61959.1384755479,26142.6484564319,4.0682755089,19.3017274061,0.3308989601,1
24.8326459790,61655.7268294433,10671.7196249378,4.2843859653,5.7640770860,0.2255107579,0
37.2813846954,46382.2616028290,18990.3803476242,1.5073194027,22.7342139745,0.5305609145,0
39.6017105173,,13052.1639750109,4.0034704568,16.6426956916,0.1959544624,1
37.7438224418,76097.2036484336,,6.5840173800,11.6485010183,0.3568682433,0
39.1212570470,62106.8703168363,25779.2664509359,4.0717208566,30.3685349443,0.4279364433,1
43.8737566413,72851.0875397178,7593.1787942209,1.1867363246,17.6804817348,0.5490295535,0
48.6154605754,47601.0930980853,29628.7755221719,4.2540241616,11.6563739952,0.6395750913,0
53.5276606773,34180.4154965186,21785.5452938881,1.0203969460,17.9108281678,0.8500660408,0
55.0744138519,77052.3073780386,20696.0102490433,2.5095126110,20.6630190067,,0
27.7301667147,65438.1271580472,20082.5544965564,5.7084774990,21.6315119985,0.4140782120,1
26.9113423763,61628.7516697869,-1958.7261334892,2.9653188662,27.0260541037,0.7780599823,0
45.3730078625,903.1438257888,27412.8140280598,6.7625933127,16.8604088295,0.5933400713,1
47.1377990142,31484.5706504363,3800.2714952433,8.2690000386,0.1002080286,0.5675193598,0
44.4486271608,85874.7725205500,31190.0773859740,9.1862266489,30.9241309123,0.6092856457,1
46.8723822354,88472.3932616080,15548.7693904662,2.4873680361,17.9588940385,0.1757892948,1
34.2846789764,113344.2331269456,20308.9774386362,4.6879621120,13.7711442634,0.1442169835,1
34.3713375086,42267.1694908585,15566.2593153483,5.4249328108,17.9354368186,0.1171042355,0
58.0728412434,72381.0352752225,15549.9540393151,4.1821358145,21.9124733966,0.6825366505,1
47.8302490904,32141.5982794892,4108.1054533875,0.0000000000,19.2771413674,0.5837979787,0
54.9050808319,,22504.3085323209,2.3022107822,22.2585298292,0.4293337345,1
32.1018403934,18156.5895433582,25408.7846559275,0.0000000000,23.0023965734,0.3056005780,1
47.2698726288,46125.4171672550,21751.4584014123,4.3395836802,9.6182154959,0.3562755128,1
20.6142240953,66745.6652349453,24324.9333055027,6.2428336876,18.8124169620,0.6811443364,0
25.9542094928,73768.2060498376,15046.0158631851,3.5752847558,22.3615705642,0.2432696897,1
38.3439079205,68341.6356837998,4484.2239685056,4.2860999572,22.1806845339,0.6207133648,0
28.6521492323,82398.7865480537,12315.9522026017,5.2691594922,13.5852532055,0.5898900345,0
31.5006955750,66986.0526377341,,7.2549424030,9.6573120976,0.5886506285,0
40.3539661196,96198.4970693145,11870.8741927085,3.2838450422,17.5088588528,0.3929179763,1
37.9040659554,28155.1586751277,-3788.2952172415,0.5756541751,13.2151354194,0.5258076759,0
36.1641443820,35798.5322012462,13521.4387919876,5.1603798534,40.0198003142,0.6786115671,0
42.1490983627,23423.1972456758,13340.0274982754,4.0602084096,22.3725027130,0.8304602197,0
39.1148137892,10532.4047495201,13877.2026866733,0.0000000000,24.6458738869,0.6476155085,0
43.9448424277,22716.8438227770,13349.8676492254,8.6264851249,9.9395003708,0.3427525130,0
43.0263097539,72352.4837031502,15690.9858046732,6.0130490727,19.6488969386,0.3452080767,1
38.9977739581,67070.1500486978,5170.3788052680,5.5819695661,18.7775704854,0.5330388494,0
44.1730724869,33771.6223664568,3674.0483157188,5.7502481610,16.7950755906,0.4680973949,0
33.2375426514,,17408.1640282711,4.6036812472,22.9100336740,0.6463465735,0
53.1017673798,84691.2306575638,6358.3711602906,0.0000000000,13.0638533204,,0
24.1214060263,76242.8707393082,451.1266487849,7.7164939082,26.7018764611,0.9275797389,0
52.3657565519,112207.5874096899,9161.4572850799,2.9321196595,25.7608649395,0.2121171071,1
53.5901181016,52964.9562427713,-2747.7861625987,10.5263183707,8.9872789896,0.8980932774,0
22.2106655467,38673.5905049081,16858.8251192469,5.0189292758,5.3089654666,0.4681191529,0
42.1533847591,71189.2270377653,479.6634648964,3.1645976111,17.0962754415,0.5936937019,0
41.9095333482,51174.0549913796,11125.2192478188,9.3588756499,11.4075003871,0.5026051865,0
18.0000000000,102357.0224493642,19076.3419889423,0.0000000000,22.7954415749,0.6987666934,0
49.7471724971,61750.1509025635,22563.9113519114,2.7559123622,15.9292555147,0.3848018455,0
40.8512139201,33795.7915743893,27349.9751245439,4.6116378131,9.3321278331,0.4098917487,0
44.3242975200,61010.5631218047,24854.5286564790,3.9140080879,11.7981177007,0.5393011116,0
55.2857793141,35722.5742250903,673.3031609933,3.0521370680,17.3460658395,0.2636148143,0
41.8660300443,38237.2451650016,,1.4142393415,10.6180010873,0.4610257096,1
47.9691885311,82743.5083353596,8691.4026197603,5.0176598911,22.2058467640,0.7041251660,0
29.1341225425,28477.7596343416,19209.3341069232,4.1986463390,28.6519703404,0.4515732273,0
43.6965413468,39957.8474440409,17362.8925983997,8.6189813248,15.8820501955,0.2323119833,1
50.4031330577,,15338.3858929827,2.8021487511,25.3838565360,0.3124219858,1
33.9788723844,59689.9839119086,13006.2147947936,0.0000000000,21.5975094371,0.2363774436,1
42.8391626651,49722.7417213356,13696.2600247534,2.7295676748,9.3282580394,0.4718732134,0
42.3230221336,84663.8388825959,19639.9789111308,2.8294757164,27.1543497783,0.8427450589,0
48.3190383963,54635.1420829171,6078.7031992958,5.1915618379,6.3110653344,0.5882782499,0
35.1256792544,44973.2146898539,17076.8941127107,1.1964878518,3.8619102983,0.3662143247,0
54.2540459818,38065.5123336213,22570.0126714940,0.0000000000,17.2435625416,0.5364380073,1
61.0596767550,15242.1327704886,14137.5617538554,2.1876620838,20.1901711517,0.3449379348,0
40.8439478904,40320.7202196437,9727.2402061048,6.1011269767,29.6564540601,0.4816774800,1
41.0664100746,47609.3038862754,28884.5730052078,0.0000000000,1.8279365306,0.3039773495,0
44.8836958330,82805.3959533000,19806.1470806894,7.1526966591,19.0435342307,0.3597718660,1
26.9087245004,70348.1580695323,6194.7549534611,6.1574123213,23.6527242750,0.3332362542,1
34.2486991788,45471.2874625311,20838.3561969923,5.3674287900,12.4089708850,0.4919812773,0
57.6222145332,66189.1807237645,15833.2948160502,3.7071816578,10.3272336706,,1
40.4027023787,51502.4329334566,25299.2416505336,4.2061848479,16.4748135288,0.4788764432,1
45.9675795688,14678.2176090102,17077.1096306844,8.6451983440,8.9009719911,0.5142822557,0
33.5839991360,34659.9430777228,17100.5682932797,4.6119406491,1.2492916099,0.3397521235,0
49.3562025291,,8100.2608157325,3.8178399046,14.2547151838,0.5778898130,0
29.5635254662,30391.6532017411,18616.7593956540,7.8774099536,23.3538930191,0.5953230884,0
31.9847471545,22911.1886101668,,4.8643310026,4.3654970508,0.3922128643,0
46.6612922749,42364.7133123483,32525.7579379338,7.1711823372,8.2051231268,0.2447984895,1
31.3723625407,77055.3450737713,18982.6602915328,3.2791801406,19.1973525667,0.5891233583,0
45.9951268903,19817.1918447065,5156.2137929253,2.2284812544,4.1670299919,0.5996162576,0
32.1374267526,43333.4074321905,7381.2665548082,5.8411135522,22.3386137719,0.5668726484,0
54.4796405966,36503.7913055191,29319.6091400695,12.3086412016,13.6684905428,0.3827542837,1
46.9700593081,90271.3123303805,12463.0445043727,2.5571161242,34.3669109679,0.3580100407,1
18.0000000000,72957.9811794311,23788.7319798921,10.0514732635,31.9840262655,0.9800000000,0
33.2482840897,35353.3588017631,1913.2092548387,10.0785158002,14.4683661634,0.1476905936,1
18.0000000000,62972.8231681937,11074.3445461353,5.9157410451,11.1038064312,0.3165144609,0
45.5171869098,54789.8430410093,20111.1967725500,4.5934818139,15.6566920082,0.5134002192,1
35.9937082048,64219.7253006960,18937.5321247432,3.4473205431,16.9961535863,0.4669085281,1
47.9203496701,65665.0767826986,17124.3585022789,6.3579137764,15.4461769518,0.5121880458,1
31.0869393473,14353.5822948882,18579.9827996889,0.0000000000,16.6826476983,0.7226856062,0
48.4926241823,34375.9220494147,21484.0690592007,5.6749982177,11.2525086391,0.4302230841,1
33.4905511375,,17875.8044818901,0.3390025758,24.6402277763,0.8080206962,0
37.9976737136,35578.8328498973,11272.9058704973,8.6317507084,13.9367680035,0.5340186961,0
67.1654705821,41920.6897650936,15873.4845148817,3.2897923727,15.0425798145,0.4710755714,0
31.0974850888,71307.8155279034,16585.8549946089,8.4837317690,23.4717587275,0.5189422583,1
57.9546843097,55276.4073799811,20710.2522235918,3.1077042769,29.4692357046,0.3226582735,1
51.8311574853,42676.4263380385,17194.2476680572,1.9239925503,12.1831920485,0.2872005337,1
45.7223843789,74201.2945596579,22195.1366615211,6.3470199922,16.8133942540,0.5802999284,1
59.3299252189,52400.2064921863,8993.4749108819,6.9138360783,34.8847289766,0.4504328989,1
37.1626333182,37213.7337639950,,2.4757240871,11.0850168027,,0
56.3166329569,65021.6601879754,16860.4016382311,7.7654601829,19.0466642771,0.4902077003,1
48.5257360250,61968.3342345491,27595.1135158489,15.0300409078,18.9979198271,0.5229759774,1
31.6482356219,52066.3881950388,16954.2278468395,6.6438015412,17.5471652503,0.2601865982,1
46.1965815446,50092.7326420620,19832.8152097312,4.7416976309,18.0402342099,0.4600574057,1
18.0000000000,94083.1466418081,8060.7395514951,6.4751415412,23.4673830445,0.3730188726,1
25.4018772704,77673.4577236462,7649.1847987141,5.1514544775,22.6819382682,0.3878101389,0
21.0500005565,46256.5565561416,20561.2874668943,2.9373028014,25.9171359322,0.1960611232,1
29.8435189566,19062.9214957986,7385.1049487890,9.8096232851,23.2633279902,0.4174622188,0
33.5067078002,,14560.1244393707,2.2491986323,30.8664683875,0.2261799245,1
43.0056193937,77500.5489509933,24163.1614146880,11.0564427873,25.1202035851,0.3349483586,1
54.3519470902,68756.1316298556,4490.7853535997,1.9148158176,11.8757993337,0.0699013612,1
45.5964462074,74864.3786894082,19677.8480131044,2.6233012960,17.8083007597,0.6688734927,0
44.8503147311,57048.3369245032,8577.2841516847,4.9442360745,28.3534375717,0.4584290805,1
67.6790948789,120924.3856598166,21610.8437531852,0.1976506437,16.1153552163,0.6825180290,1
33.5612754465,43324.2498842417,15376.6649347998,13.0801030400,14.3698455323,0.1034030061,1
43.6347129327,70327.3590944553,21816.7610913973,5.2676006809,20.8669581656,0.3683926931,1
51.6746216683,59698.8498372524,19756.7379881816,2.8248767070,29.2129723200,0.4960846375,1
34.9890545895,61400.3960714071,5193.9199822210,3.2250613430,24.6696827223,0.5606680792,0
50.1537948359,77944.1604897850,12579.7034770662,5.3340289483,33.1731080524,0.4318561318,1
21.6671866303,59702.8626503816,11243.8988481542,4.6700195284,18.0779858293,0.2626973222,1
44.8772267074,55416.5803031001,20123.0844456378,2.8411430066,9.8817754082,0.3672322400,1
59.4282850081,14019.3313060278,24504.7916826374,4.7297706508,26.8656751373,0.3717101905,1
44.0951288276,67929.7821786273,,4.4798735312,19.4852615133,0.3030949942,1
42.9432888615,40053.7726523066,13468.9883568178,5.9753000181,22.0084985982,0.2768724069,1
28.7008847664,87715.9775795677,9766.9218131665,5.3731813812,15.2917358396,0.1570956992,1
38.0677892334,,30389.0010172791,0.0000000000,13.3432834071,0.5508191224,0
32.9346775652,4923.0715770723,20071.2965076979,5.3390478608,10.7999265688,0.2613953216,1
31.1294523796,63323.5293994452,12869.0041119105,2.8510346666,20.2317214511,0.6259018728,0
32.0409973803,97249.2605853011,14676.1785256901,6.5844712634,20.7823365542,,1
41.9333015522,1948.1518690665,5809.1322883983,7.3838881144,9.0448185273,0.4549267007,0
20.3891791372,42545.0293307588,27933.5993928238,5.4573200483,10.3798954980,0.3191662431,0
18.6385454134,68897.0803276781,11881.2733681044,6.8500916765,23.4044582060,0.3762424131,0
27.1978530683,26971.2323946565,10265.7965913695,4.6630558863,27.8964114239,0.2556069761,0
43.7655793411,30637.2853952656,8585.2302251161,6.8869604346,20.9766887356,0.3292353419,1
30.5441494938,83804.7316818681,12091.6614214114,3.6517848451,8.4513113037,0.8722284966,0
60.2648675011,69562.4818495272,33739.4216964151,6.0994078034,14.3696173618,0.5275763318,1
55.6983483652,29861.5984670690,25279.6308487765,8.2954854212,29.3380966275,0.5243886962,1
52.5225195489,15518.1818450886,13982.2504932640,7.9187382962,22.0106633876,0.4904898625,1
24.6343142346,54822.0968527235,-831.8711434788,4.1665034484,20.3615640417,0.3509953618,0
45.3479702106,59355.5081550194,22720.9626913720,3.8626525148,4.9899700550,0.2188640237,1
30.5560203091,59338.5100880319,15657.6655888305,2.7204311778,18.7314391133,0.3288758866,0
47.5001885073,26516.4847788150,25349.6021390501,5.8248220988,14.8373401263,0.2575384316,1
46.7096696107,,20990.5944830967,10.5526059918,19.6244231374,0.4999732055,1
47.0144275447,48011.6447708427,32916.3860993213,4.5668946018,24.1394221219,0.5262296663,1
34.1909256137,96549.2448389359,19376.2272755693,3.4172576328,13.8691997856,0.1298926017,1
28.9302497160,84477.5546243809,,2.6956098379,24.2577998858,0.6545003657,0
51.2715155130,95369.3151730322,-471.1298008340,6.1218545207,11.7995101217,0.6020745113,0
