utilization,transactions,tenure,balance,income,age,target
0.5953182522,22.2049296361,3.4277401163,18545.4452112034,36586.3070920071,22.8295237257,0
0.3529819025,23.8295115323,11.2822549577,9639.1621721850,85426.5947223047,22.6776233404,0
0.7489147573,22.2627521298,9.1797814796,17965.6629847749,65374.4479669474,42.4178534827,1
0.5743761451,19.6382998141,0.3183808976,1280.3290421911,55556.4729127666,47.6106413699,0
0.0396992072,14.6213330579,2.5610649499,15699.9655593435,44667.4576041767,57.3196670953,1
0.2134382666,20.7127078554,6.3371989038,14345.7426249976,41934.8669081074,48.8661094544,1
0.1565715626,5.1657956839,3.0212075330,19501.2150269223,78932.8513394405,58.2180129855,1
0.6297335426,20.4091309073,10.4883353527,8669.7552694537,64016.7853175411,37.4989765008,1
0.5802191418,7.8509618058,6.3506073728,23944.9164710064,33238.2086317162,50.8788295855,0
0.3517709023,16.0200264446,0.7696509088,24466.6832208901,84414.8732531434,52.8637052280,1
0.6122634545,11.3684102790,7.2564523304,25134.7014049909,62656.2497464825,40.6514890976,1
0.1577966007,16.5639338990,3.0658861622,1449.4456814423,67658.8995836316,59.5135293891,1
0.2241383091,17.3882505508,7.0531313039,22133.5568001257,28183.3910855770,38.3404532585,1
0.2021739890,11.9428045268,8.3300999305,8810.2903817847,44063.2260501234,43.4705245079,1
0.3860051456,34.7367627787,7.3430701582,29483.5488784490,104450.7283724137,49.4844482933,1
0.2652809160,7.7054221677,6.2394373139,11919.0773598838,112461.5746782820,66.1042702835,1
0.6260939349,19.1205001416,6.3881484422,16933.8577422969,30909.9687937581,46.7899671748,0
0.3331367962,14.5029640424,9.5426190041,24199.6549025932,64888.7892955989,63.4874144803,1
0.7303970689,35.0178729246,6.3826022742,24691.2935037505,71301.2429505040,18.0000000000,0
0.4434310877,22.2537697153,5.4181208323,7341.2842334167,59776.9037861484,50.1454911558,1
0.4683387001,15.6953783283,0.0000000000,21576.6278459265,51122.6397344733,36.6988693465,0
0.6657323456,8.8624226650,3.3360464696,13222.0050441805,78341.3155430009,48.7170510375,0
0.4536750722,27.6103618367,1.7078966027,8734.7665934524,65927.9083261820,47.4045462824,0
0.5684498141,21.2084032508,2.7683850459,1483.6209147675,105898.2938525771,46.0618770719,0
0.4912217179,21.3339032973,3.3544235866,9835.1720443389,58794.5518249535,27.8663918620,0
0.1979478751,21.5246389650,2.6288333126,28758.4472985841,75964.7527857196,54.5331834580,1
0.6871428591,4.9499159464,5.6381530097,21549.3454166779,25486.8934193774,20.2306511779,0
0.8732186083,8.2122451594,4.9644144238,12820.9936372957,55495.8566446280,51.6968130377,0
0.5096002068,10.6909978939,2.9788107357,12042.8125503838,55087.0416723713,34.3529050979,0
0.2689933458,9.9608839507,7.4012646099,7647.8302518181,33680.5052346812,25.0705764185,0
0.4538359618,21.2255323882,7.6505811719,11977.8103339172,31394.3486175251,43.8314978611,0
0.5616757407,18.1710505799,0.0000000000,9420.7254047483,49255.3996402278,58.2234155558,0
0.5005165716,8.2289530490,7.7390579144,24082.7395491001,106834.5765553507,31.8091590043,1
0.5362912321,3.9586793603,4.2332942502,14661.1374033154,8500.5568948771,44.2584632889,0
0.2973497900,26.9019571608,4.1850000126,7191.8913903523,78473.0796795194,64.5016001985,1
0.6598788612,5.7024282511,9.9511066984,16535.6177416385,60554.0740359305,44.1334650731,0
0.0200000000,14.6579896716,5.9061443054,-100.6483289600,57498.0163377085,43.1079187025,1
0.7299195657,11.2329817906,3.1260827953,5768.2236651323,29669.2592163934,23.3855275439,0
0.2103564061,21.8830409352,11.4105822051,27482.3209239049,57753.2991969567,52.7600799677,1
0.6634474345,25.4958763520,4.9649220920,5937.7259581113,95768.1569813463,44.4637582840,0
0.6169528801,26.0375424132,3.2807114713,13716.7599345650,69310.9726232486,50.2141136158,1
0.1512005544,11.8313349472,8.0049838137,26337.2494149835,42639.8699119204,34.1414897371,1
0.4576555962,5.5641488461,7.4472615970,23652.3542993811,80201.0601328469,41.3764192899,1
0.3945653833,19.9834310569,4.9828136689,38716.9851843879,41392.6692292418,35.3236563601,1
0.2641655529,14.3614134488,4.8920931622,12390.9682659157,89083.5372872473,48.1601318285,1
0.5085579856,2.8837621546,4.2371409929,15090.0870188181,68524.1229866875,37.7022290920,0
0.3293907898,2.3574515961,0.7854306699,9059.5501826088,98097.2058857616,41.8694023260,0
0.4566702173,25.9004170567,3.2221566802,495.6953968302,65694.7740404506,38.8650755836,0
0.6657687520,13.5636979018,0.6980020507,523.4049461520,50105.7294930934,35.5939575589,0
0.3188911445,27.0720586523,6.1857205056,20379.8962612219,55421.2782765715,53.5117700973,1
0.5219079119,19.8417474765,4.7222201428,3436.9633333873,83190.5465587396,42.8936325126,0
0.8441977762,20.9268217071,9.1411994946,23894.4650537755,74384.7169194209,46.0438497439,1
0.2123432969,6.1704386388,2.6473674338,17890.9547671891,55003.1429493311,34.2087229634,0
0.4845418704,20.9745014015,10.6593916572,2913.5377749070,43589.1232663122,53.9278034508,1
0.4064702059,17.7197780171,5.7106339004,10353.7627037090,66699.1514828798,28.4168450014,0
0.5742285511,20.9681985991,2.5731262666,11047.1033908957,37040.2397483806,42.4139251265,0
0.4377335561,16.8707664444,4.2874696564,30376.6492127391,11318.8599590314,49.4257211576,1
0.6834522442,25.4430750112,5.8390383064,15988.4000127813,90854.5929656546,39.0359185977,0
0.4642606372,20.3393282576,0.0000000000,-2437.5587163034,29128.8126210885,27.6312998817,0
0.3050851149,31.5839396652,8.5611027988,17652.3307133322,68154.4195488736,39.5006508650,1
0.1472615374,14.6444180133,5.5698899231,7869.1838165954,86696.9503773468,57.9314146244,1
0.5972031063,15.4603109130,1.9212005797,15523.1202584515,19728.3901488082,40.6383342438,0
0.3032629280,25.8329987267,7.1057202864,17175.9584501590,40346.7456104175,41.5744655662,1
0.5750426674,23.1097773196,8.5687091502,10190.9241239904,56072.0071672831,53.6956107385,1
0.7578044822,17.2379932234,6.7358679710,19315.3301572890,15631.0001411387,41.7966552793,0
0.3996537797,11.6561159103,3.0810634823,25904.9032261786,102999.4408221352,41.8308896864,1
0.4644631506,35.4410613487,1.9806470273,9957.2287572934,78178.8342227803,39.8643795905,1
0.3488673141,22.2789817782,0.0000000000,16528.8529845448,104886.1395843747,44.0365012762,1
0.6363737497,29.8262685854,7.5982881379,17248.6700634708,16613.7774192853,52.6396223145,1
0.7412178618,26.2422680880,2.2092401241,15420.7973847014,61583.6327677619,52.0338711278,0
0.4932469691,31.1023207801,3.6642361229,3044.9023170095,40085.3017442685,48.1361347986,0
0.3667242014,14.8017748865,3.2638181722,23022.0879495024,52971.4804882056,29.2713186521,0
0.4439197106,28.0172369821,6.0389267075,8483.6450663710,110175.0636254581,30.2180581834,1
0.3949106966,15.0934596358,4.6105129689,15675.4937548199,58085.1307952665,36.0638301857,0
0.2917712154,17.1410356076,7.6170935963,12007.5732441716,105705.8788088106,42.2530634781,1
0.7665191600,15.9371687274,6.5443448357,4057.0589001206,70036.7952534141,27.2295672506,0
0.5278829382,14.4479946398,7.7092138603,28158.2957088351,89187.9907869457,28.5700929905,0
0.6601722425,20.6432287817,5.0351292647,23863.3816878264,58499.4629550942,42.6814646074,0
0.3747354047,0.3228896840,3.7793903990,17607.8953899746,53197.0244074167,39.8537428343,0
0.5793809108,13.4158565050,6.6159848711,-971.3911376581,32983.4974839728,39.0479572514,0
0.4042775337,29.5798500765,7.9818016488,20941.6326303749,100000.6502509002,46.5092742068,1
0.7723601594,19.8666779056,2.0979883928,-308.1819454177,91993.8837497141,54.2952050314,0
0.3466661584,20.2638324016,6.1557979835,1569.8291589293,30171.5244815667,37.0347351983,0
0.6597457636,14.6577860530,1.0044698368,25755.5190806523,52356.7709611682,44.2988765016,0
0.7106072418,20.5349525376,10.6401781327,12835.6235597421,39798.6943277412,33.1266228597,0
0.0580542379,14.0889298811,5.8676931095,21564.4791071144,56194.7801532796,29.5504840671,1
0.3488247576,6.9083640711,0.0354688782,19556.9132373238,79557.2302685555,46.7810531131,0
0.1398196529,9.2659427278,4.0497771669,5330.1184955639,86472.5112768767,28.0002477323,0
0.7322348831,0.6997919877,5.0770267435,8745.0626830972,64133.3804814539,51.9704363946,0
0.5694745379,18.0662150531,5.6670242697,5523.4098827908,12526.3987029707,27.6735339653,0
0.5335664418,21.7238454366,0.0000000000,24194.0672283143,61109.7825671688,48.2891814124,1
0.3589713868,4.4565945762,3.1901347406,10215.0994416001,55979.5412089517,44.1330697631,0
0.4226054383,13.8841282933,3.3631572394,10648.5536458155,95870.7570269258,52.7606430529,1
0.3626728682,9.4216660055,0.0000000000,27707.4909423155,71563.7476225746,39.8949755902,0
0.4337649525,23.0625854111,2.1985140921,30790.4768914546,69641.4040505678,39.1229417547,1
0.5351619748,9.2625078816,5.3768778806,22676.6185011992,67532.1452868077,40.6931362267,0
0.4661730100,16.6732500432,4.7805476235,18941.6619263278,21509.8281824543,45.8488343815,1
0.6144348449,18.1373683099,0.0000000000,16661.8146995356,18808.0384963164,60.7365253513,0
0.4495475084,16.6481316894,4.6622931326,19291.4526151989,88400.0510693628,18.3985883266,0
0.6504069692,11.1475060911,7.4713402713,24616.9438714874,59521.5174988255,40.9282716497,1
0.4416469217,14.4273194597,0.4782077611,18163.7662734374,101559.4327916161,62.4095836300,1
0.3324954182,8.0038014624,7.9479148804,21169.8220891038,25364.8593608031,39.9007380451,1
0.6484543385,31.5157243554,0.0000000000,26296.8879884801,63652.0294976981,29.1701563179,1
0.3137158753,21.7407315277,7.0248035269,26809.6818273168,103875.7628892765,25.9694550379,1
0.3614382457,16.1848814946,8.5447341839,16855.9215381262,42990.9793400050,47.5820201744,1
0.7714370826,30.2278131927,4.7713426939,25155.4086722017,87408.8948868954,47.9872806678,0
0.4974373650,10.7022927815,4.9453367726,237.1451313532,78469.8780548548,37.7297941503,0
0.7323808518,28.4062282758,2.3280093608,21651.0345748337,4677.3120668842,34.1089810683,0
0.6448471743,19.6322911253,1.0810830650,18206.9656359958,60960.0417989129,48.4554525873,0
0.5512122184,11.3184733743,6.8702326667,29660.3775246900,36942.8176733469,49.8375204642,1
0.1968856537,38.7433540707,10.8750587862,16338.9958239935,50555.8481156402,30.0407502480,1
0.5209376398,13.8094621166,6.3450899581,21691.5475671363,58376.8171326437,40.3925614562,1
0.5776896001,13.7230401484,5.7381202159,20631.8522045150,41257.7499593685,33.1002704572,0
0.7179804320,13.5123292067,6.9942017573,14388.2942576878,42049.8424524099,35.9304130543,0
0.4213220291,13.3030776479,5.1417039824,22484.5924113852,68513.7614432367,37.7545947765,1
0.3569862988,10.7063762537,3.7784550315,21078.1442332643,92347.9415913827,51.9250632350,1
0.3302802774,23.9682624452,2.8464383613,15270.3046714514,66962.3223039072,35.0700735556,1
0.6565772480,20.0491954859,6.3797273696,24824.5860626454,42813.3748413602,41.5627464841,0
0.3838884856,13.8014577711,2.1107244087,17347.6476695162,29732.3982994412,52.0146112841,0
0.4314116529,22.4384634926,5.4564317839,16269.3539648075,30856.3581681730,23.6212818019,0
0.2856020755,18.9405980911,2.7863911764,12491.4001411360,52880.4426704246,35.7321415902,1
0.4626578892,15.9075050175,2.9284817997,15991.6742214736,22971.9264154805,28.0409622247,0
0.6259604981,2.9542647725,4.8419361948,15227.6463877085,64137.1821779269,29.1448831916,0
0.4111472681,33.0120993314,1.9224847963,29943.6363269851,73930.0238809782,45.8230669497,1
0.5295941952,13.5558269522,5.8481014033,6064.1621738920,88775.1832653500,50.4902133244,1
0.6874342853,11.3823060343,4.3335509739,18884.3716139355,101717.1743457990,23.0945076547,0
0.5121584348,3.3954657890,6.6244554949,4708.3453604275,79620.1069387587,34.1757943251,0
0.3143423848,13.0864889533,6.9956065950,23088.8302127368,35075.9096298108,28.4296747126,1
0.4323252652,17.7986814986,2.7802097569,12245.2300280111,22286.9345321709,52.3213777517,1
0.7444479443,14.3073615357,6.2857262107,16866.0641764760,29371.2242868111,37.5402365205,0
0.1838259333,16.8186347157,4.0610755777,31948.6713590675,59137.3888848479,34.3045823855,1
0.5352579509,27.0290650538,1.7400817710,17338.3412910040,48736.4406136014,39.7257589722,1
0.3584438518,17.5325102334,5.8912741914,-761.2734674924,50193.6699701663,49.9708825243,0
0.5188462361,20.5218904935,6.2476232480,15982.2642453557,66213.0641573671,58.6221641024,1
0.5327966159,19.6292653050,2.5768807056,11004.1238577981,62351.9440160971,49.0327080433,0
0.5527172656,29.2612295493,0.7519260695,1699.3459587148,40145.8719919386,49.0127598845,0
0.3547390434,23.4153005711,7.2884881221,34031.9178594053,52275.2062572972,39.6307259281,1
0.5694989795,20.6578640558,8.9721564771,8186.4626137231,50118.2105906358,53.4489310318,1
0.4395691663,16.9607207519,5.5591604904,7333.0662069844,50480.1134166362,22.5858374413,0
0.6194757076,17.1893277488,6.1762128854,3151.2365128724,92975.8171888686,30.6031835138,0
0.8548338225,15.8597486777,5.5167433043,7069.0039465990,83305.9971588047,27.8899408656,0
0.3602711044,15.5315290893,1.6111804601,-1930.0271376672,41596.2546760707,23.8084788863,0
0.4923533870,29.7196126087,4.8794910284,11733.4051712298,39781.4785053866,28.5254555263,0
0.5918512562,14.7085041198,8.4078813034,19564.7332045712,47430.6433509068,37.7054394803,1
0.0837536244,6.0748072288,7.3208518011,30712.7830408435,4700.2261023455,44.3055379351,1
0.3303666617,26.7761964412,3.4938595763,18395.5718715860,44573.5043533153,40.7796476011,1
0.4353374954,18.3186657619,7.3797086107,11677.6674706440,73940.5911933202,43.7617768891,1
0.2976864510,14.5016847537,10.2061531352,5370.0158652467,1000.0000000000,36.6149064660,1
0.5527243209,11.9488400478,1.5546885702,32877.8947443081,53120.9567026600,36.9212646849,0
0.6754430508,25.5968753276,2.7675316807,3273.5620383149,18945.1482115153,18.3688357454,0
0.5281309486,12.1981833504,7.9770642208,-2082.5635153326,107227.6103289384,45.3764114749,0
0.2990278457,19.7901014062,9.1435014292,24879.9650565848,23750.9817817796,36.2347324638,1
0.6197447706,12.2646129967,2.3165991638,16630.3200742558,1631.6430066009,63.6958117157,0
0.6001010692,25.4672521426,9.0935068143,17110.0056978848,84252.7248351585,34.4397546143,1
0.3271282524,23.6593025648,6.2968913778,6352.2539778768,58531.1659227664,40.2986290091,1
0.6383966709,18.0066861639,1.7774345021,14614.0647398104,40767.9670775330,44.4737857433,0
0.5720481964,27.9751746098,3.9817269694,20758.6049282766,16884.9778703409,43.2010413044,1
0.5857325942,18.5836369832,2.7339940892,16219.0199696676,52265.7210609999,47.9474534135,0
0.5336623608,16.6925392218,1.9290097322,21399.9576434292,51554.6405589630,22.2548311910,0
0.5354446725,15.5110876686,8.5154316171,21694.6704526157,74546.1246352954,43.7007338294,1
0.5713033106,20.7287304357,7.1221633025,11329.3608301088,30838.3297139131,44.6966115182,0
0.4561060573,4.8780848590,0.0000000000,23331.5252104430,59011.2198393112,39.7660385015,0
0.5395182309,8.8209806734,5.5368991806,20822.9968396501,76022.2530465081,42.9924194516,1
0.4496449583,23.1225737800,3.6348637378,28.9773807337,35325.7278031816,42.2860043660,0
0.4942948755,18.1691340631,3.1840018777,8527.5549033914,50396.5953421104,53.2544814728,0
0.4217829954,19.7554151652,2.5787117574,4425.2050306236,56553.6454582726,50.3012703179,1
0.4738136907,13.0474372306,3.4925104771,11047.9652164198,45188.0143534301,41.6668925997,0
0.4018706576,21.8027841003,0.0000000000,16049.5678807159,59446.8604119867,59.0978160944,1
0.6064099692,23.3870059656,2.1554087504,27301.8461339766,72152.5279992696,55.1301581862,1
0.5958392041,14.6413987439,5.7602057912,3168.6937432187,88849.7198634426,35.6522219890,0
0.3024474080,25.3938487841,2.0589087782,29747.7250089416,81346.9912125295,18.0000000000,0
0.4671742873,17.5645898615,9.9545070869,5081.5817758245,88463.9929776203,50.7430407680,1
0.2706587207,23.6524219026,7.0777840021,15981.5224532176,84286.8075385514,49.6770325371,1
0.1549990896,14.6142883569,7.2586531574,15929.7099463420,67134.3355229529,44.1494993378,1
0.4807789551,35.7606885065,3.7915266593,15636.9212289082,71294.8996668180,48.2680532586,1
0.0956122610,23.5966063574,1.1697403949,20147.3952399208,69312.6213452204,28.7927390538,1
0.3170141693,24.6628396745,6.2973734269,25286.2948006704,82595.6254489629,35.9612913720,1
0.6560595047,23.4009403151,6.0298858486,418.3815480208,78002.0526962045,41.7376830171,0
0.3588509362,11.4227364805,2.5883323226,23049.1991137001,86377.2850565477,49.9238268703,1
0.6474514730,20.2378578873,9.0173771503,30458.5345639232,81415.6419498237,26.2451213372,1
0.5338808122,13.8574933276,2.1502766763,25503.8543725723,73239.7080360281,41.4372935981,1
0.0905077281,14.7848850984,9.3873703986,22511.7873068638,77156.5745783157,75.0528144987,1
0.4123997863,16.2890765698,4.3681272883,30807.8405518075,36641.0203334887,27.3421649465,1
0.1900018218,19.2217974268,8.3418587086,15376.3575677181,57893.9588585966,37.0655912869,1
0.8361101570,12.6965434697,5.5141910598,11344.5075839987,70933.3301899174,48.8889156095,0
0.4553253439,22.5460543843,6.7703120177,7397.8800313374,66055.7811428702,52.5929780093,1
0.2591175879,27.4423794808,7.6419644657,11615.0661332841,107948.9448834507,36.4664603997,1
0.8056988914,22.8325531292,0.7423711866,15517.3250745805,84300.0587641866,42.5073291843,0
0.2229063347,21.7194500020,4.5229914461,8567.6291332192,68256.2300582567,45.7280619802,1
0.6942639200,17.6161322443,5.2876158264,14954.0931814704,61769.9165599035,29.4768959726,0
0.8920625601,17.1909420503,2.6033080520,8014.2025870909,58947.7200069943,38.7680827887,0
0.5017318971,8.3473416231,5.0776119546,28869.5616501061,29024.5265116836,53.0444762080,1
0.6196431875,2.5730517028,4.5872323896,6699.2799482341,44378.7357184999,29.0168359792,0
0.4096591498,16.4789399909,6.2993310098,15647.6198102421,56385.8234873387,59.4009168170,1
0.3501233005,20.6667190349,7.0624239611,11822.2572532172,85379.3437597051,48.2082905538,1
0.6360116579,22.4407384629,5.8817726087,5408.1371832602,15100.1676749116,39.5652353259,0
0.3509191623,17.5140195042,0.3466346625,17719.2924923066,33882.2834376693,57.0920810216,1
0.6765216253,17.9008936641,3.3685424537,15382.8150631165,57118.3853974961,45.0648266470,0
0.5111196678,17.6351215462,0.0000000000,904.1742357565,60830.6369645119,49.0494549641,1
0.5478841082,24.2858544718,0.1227215697,8462.9579273985,65778.3540453325,46.6850782596,0
0.2807985579,9.7890544921,6.9876411343,20453.8422503660,20739.9839471295,53.7457278251,0
0.5182110680,28.1345319929,3.8573193006,14008.1011515158,40482.4580771759,27.9882770851,0
0.3515117745,20.3608519904,0.0000000000,8760.8810286510,65144.7431675833,32.9989158176,1
0.7381006532,6.3988842954,7.3718403091,26838.0881689965,57526.6986312442,54.1918385928,0
0.4784814420,38.1963815906,3.3842825800,5304.4505160417,58833.7565534682,35.3095646421,0
0.5148574661,23.0961913127,3.1979824596,16847.2257027439,102403.0361753381,18.0000000000,1
0.4446151972,19.7350217630,8.2713284267,19906.1066475657,97322.5595724481,32.3375667327,1
0.5507267325,17.2884208461,7.5752341384,7529.0618170543,36326.9917728049,42.0567284613,0
0.4451952097,10.6882915858,3.3095780118,24186.4272186957,48799.8350382815,39.8276931208,0
0.2673277498,13.5821892001,1.9128784220,5327.6396071545,84685.2960361146,52.0299289762,1
0.1534546679,3.3875651108,0.0000000000,11793.6999107134,79717.7874039395,39.2640965878,0
0.8662063109,22.2112750900,5.8010652144,209.6251462713,69518.7955879498,33.5606519776,0
0.5080431904,24.1926733207,6.0709764476,20556.3136268789,59991.9738895590,26.0919413747,1
0.2043011754,33.4400355217,0.0000000000,13908.0778456402,55484.8442263326,48.2829842978,1
0.1500025415,19.7169393958,0.2040087190,7300.1235553976,63064.6051861849,41.2030186201,1
0.4617888571,21.2830691395,0.0000000000,27012.4407851015,125573.2200640214,52.3489602750,1
0.2707394474,12.7967795293,6.6285520702,10740.9054282903,81399.8062014521,37.6499882676,1
0.2939942827,16.7976504933,9.7529702776,9913.8142668176,86564.0717761192,46.9759421351,1
0.6970247682,18.8435325367,7.2835620211,21475.5381831248,45142.8499342461,31.5508788114,0
0.3721146795,20.8357279594,0.0000000000,17828.1970350660,71881.8162263924,29.5929161223,1
0.6611844478,6.6221852475,6.6902679574,27399.6906852997,49443.6630668134,58.5795841853,1
0.6713434989,16.3965622538,10.7405386330,14136.7555886848,70425.9492585541,48.8069805193,1
0.2603614104,18.2872182261,6.3606525036,9349.2527932113,58352.0117337509,48.3682093955,1
0.4154131415,23.4953709651,0.2013762173,16667.5900699136,76452.8844508010,46.0405378266,1
0.8472154599,18.0772204212,4.8552758038,10115.7252356992,54363.5788686194,51.1647021562,0
0.1553458449,3.8792931477,4.9453080945,14108.0533713471,24666.8157537015,28.8927796645,0
0.3140110218,17.7419730060,7.4657062981,12326.5641225351,53822.2958893260,29.6749684115,1
0.5004799333,18.2231458272,0.0000000000,20212.8882676531,66833.1477012946,38.9513996431,0
0.6260527582,24.1433984328,0.1874429778,15999.1021846385,50753.7313023658,56.8211187382,0
0.4813026075,15.9218162632,8.1125526548,10626.4017248646,61887.5066229641,29.4229279089,0
0.3163854946,17.9515440848,9.8078131558,16824.2114919853,51141.3341004172,42.5874740546,1
0.5670234197,17.9559446034,5.1734951705,23560.6949310646,107213.7474635452,53.8578586307,1
0.7138686921,24.6137108578,1.9872807553,36390.2977404591,132049.0674186412,52.5768216536,1
0.5173281819,23.8570237263,6.9965762572,9441.5140864102,59026.4020609599,48.6023023573,1
0.2098213943,16.8310330067,2.1756976425,30295.1240226095,13149.9197543741,29.7229943689,0
0.5170504986,26.5227128735,12.6143442764,15856.3385436851,48907.9266674797,51.5812875347,1
0.2262706510,20.7866562807,8.5622026665,24075.3980170684,84947.5566196355,18.9238345438,1
0.6583581700,36.6624268226,6.9902895967,23193.1642867438,85705.5096806408,33.7422907390,1
0.1465713656,26.2447463079,3.5608746823,-47.2803594256,68299.1259193830,43.4514616721,1
0.7752040219,10.7119531154,6.9641959282,12705.7249931542,85170.6737676801,44.6164984844,0
