group_id,row_id,x1,x2,x3,label
0,0,-1.970462,-1.972094,-0.203175,0
0,1,-2.882731,-2.923377,-0.410169,0
0,2,-1.679619,-2.709127,-0.762517,0
0,3,-1.801881,-1.459519,-1.981861,0
0,4,-0.336357,-1.170689,0.697068,0
1,0,-0.650455,-1.712401,0.659599,1
1,1,-1.806732,-1.068229,-0.553354,0
1,2,1.040986,0.444132,-3.304342,0
1,3,0.402372,0.67329,0.871488,0
1,4,0.267533,-0.50839,1.582775,1
2,0,-0.144485,-3.418444,1.221507,1
2,1,-1.929604,-4.439927,-0.877921,0
2,2,-1.658893,-2.492036,1.747005,1
2,3,-0.65595,-3.39542,-0.434249,1
2,4,-0.80183,-1.638722,-0.438842,0
3,0,1.412768,2.518037,1.669849,0
3,1,1.451251,3.681772,-0.199557,0
3,2,1.825563,2.089134,2.62083,1
3,3,2.025717,2.758886,-1.39997,0
3,4,0.973905,3.692924,1.293284,0
4,0,-0.221677,-0.773453,0.57175,1
4,1,-0.203295,-0.15848,-1.039228,0
4,2,-1.993744,-0.662046,-0.295511,0
4,3,-0.651167,-0.542954,-1.894464,0
4,4,-1.107377,-0.430563,0.191578,0
5,0,-1.100921,-0.986266,0.433007,0
5,1,-0.689771,-1.870569,-0.902254,1
5,2,-1.357493,-1.204507,-2.462132,0
5,3,-0.55712,-1.493067,-0.268965,1
5,4,-0.672973,-0.68112,-0.044733,0
6,0,-1.179637,-3.368751,1.156978,1
6,1,-2.252251,-3.46082,-0.624284,1
6,2,-1.88532,-3.08443,0.885181,0
6,3,-2.331608,-3.388483,-0.095305,0
6,4,-2.371427,-2.714463,-1.087596,0
7,0,-0.376662,0.365372,0.779722,0
7,1,1.703319,0.467181,-1.634907,1
7,2,0.530437,1.28476,-1.540741,0
7,3,1.176339,0.771276,1.143744,1
7,4,0.716178,0.578262,1.600267,0
8,0,1.365607,1.872497,-0.707451,0
8,1,0.122995,2.094727,-1.017125,0
8,2,1.535882,2.259996,1.150989,0
8,3,1.865366,0.232208,-0.50215,1
8,4,1.113284,3.332629,0.077991,0
9,0,1.514338,1.932984,-0.098375,0
9,1,1.150957,2.8695,-0.72503,0
9,2,0.854681,2.164067,0.537562,0
9,3,1.171903,1.434363,0.293046,1
9,4,1.883423,4.668824,0.132971,0
10,0,0.429958,-1.315001,-0.174032,0
10,1,-0.463599,0.216293,1.054809,0
10,2,0.453051,-1.100357,1.64512,1
10,3,-1.483456,-1.476567,0.762955,0
10,4,0.671873,-0.269942,-1.039057,0
11,0,1.519402,0.661999,-0.179381,1
11,1,1.514803,2.86098,0.510567,0
11,2,0.774586,2.318685,0.749885,0
11,3,2.293197,4.100138,0.817509,0
11,4,1.569315,1.485415,1.607489,0
12,0,0.589332,-0.119036,-0.566979,1
12,1,-0.457309,-0.292649,-1.904622,0
12,2,-1.70826,-0.892813,-0.708245,0
12,3,0.655506,-0.559797,-0.906562,1
12,4,-0.433567,-2.697973,1.23707,1
13,0,1.72014,1.507281,1.39351,1
13,1,0.100799,1.298521,-0.049686,0
13,2,2.136386,-0.08102,0.008607,1
13,3,1.00731,2.076166,1.700647,0
13,4,0.958578,2.516239,-0.802607,0
14,0,1.576098,1.201634,-2.32045,0
14,1,0.591745,0.485558,-0.421856,1
14,2,-0.310721,0.902355,1.003906,0
14,3,0.636684,0.540894,-0.692042,1
14,4,0.029047,1.432266,-0.907816,0
15,0,0.965602,0.112894,0.617123,1
15,1,0.948196,0.449296,0.243515,1
15,2,0.522818,0.360812,-0.399083,0
15,3,-0.105715,1.443813,-0.053982,0
15,4,-0.223986,0.743437,-1.596485,0
16,0,1.385066,-0.141692,-0.484656,1
16,1,0.678611,0.382537,-1.432133,1
16,2,0.857103,2.501834,0.603388,0
16,3,1.299916,1.881709,-1.163788,0
16,4,1.204648,1.981926,-0.458908,0
17,0,-0.777072,0.734672,0.279302,0
17,1,-0.328227,0.173426,-0.024519,0
17,2,0.350758,1.447682,1.990727,0
17,3,-0.332006,2.876775,0.353213,0
17,4,-0.661134,0.016791,-0.524454,0
18,0,0.023148,-0.073101,0.041682,0
18,1,0.254884,-0.907746,-0.202737,0
18,2,0.213217,0.139989,-0.321283,0
18,3,-0.556526,1.171436,-0.692272,0
18,4,-0.645012,-0.107402,-0.382635,0
19,0,1.162604,2.080353,-0.601249,0
19,1,0.049973,1.281642,1.578909,0
19,2,0.078618,0.588681,-1.029116,0
19,3,0.298217,-0.321063,0.086197,1
19,4,-0.050923,0.64714,-0.182803,0
20,0,-0.180654,-0.493171,0.321495,0
20,1,1.024254,1.380233,1.181032,1
20,2,1.437388,1.549244,-1.280917,0
20,3,1.052908,1.362746,0.011662,0
20,4,1.815867,1.497182,-0.867606,1
21,0,0.479894,0.4952,-2.443338,0
21,1,-0.055675,1.623017,0.554913,0
21,2,0.937656,1.943738,-1.260372,0
21,3,-0.700191,-0.434082,-2.040646,0
21,4,0.481792,0.672131,0.772474,1
22,0,-1.971925,-0.54487,0.005728,0
22,1,0.250995,-1.244438,0.480753,1
22,2,0.618697,-2.400368,-1.532359,1
22,3,0.265977,0.699422,-0.365975,0
22,4,0.689748,-1.026143,0.141039,0
23,0,0.516916,1.728123,-0.128875,0
23,1,-0.073912,1.406821,1.80352,0
23,2,0.674942,1.612907,-0.689607,0
23,3,1.05796,1.170728,0.905624,1
23,4,0.499098,1.629369,0.877017,1
24,0,-1.652527,0.213606,0.136293,0
24,1,-0.974296,-2.348486,-0.846234,0
24,2,-0.462975,-3.332235,-0.94041,1
24,3,-1.109036,-2.343812,-0.576378,0
24,4,-1.546041,-0.183437,0.396769,0
25,0,0.767702,-0.745658,1.428672,1
25,1,0.614763,1.841124,-1.813128,0
25,2,0.250575,0.230359,-0.190004,0
25,3,0.155969,0.858798,0.629767,0
25,4,-0.121187,0.896005,-0.482679,0
26,0,-0.382352,0.230352,-0.059516,0
26,1,-0.599766,0.676957,0.560378,0
26,2,0.308581,1.597992,-0.377849,0
26,3,0.58719,-0.653073,-0.507241,1
26,4,0.557761,1.280057,-2.097396,0
27,0,-2.199497,-0.919009,0.793983,0
27,1,-0.830282,-0.663376,1.180575,0
27,2,-2.0505,-1.486499,-0.898058,0
27,3,-0.737418,-1.079426,0.151895,0
27,4,0.178047,-2.061474,-0.094611,1
28,0,-0.049764,0.175899,-1.01378,0
28,1,-0.042961,-0.121953,-0.276852,0
28,2,0.98383,-0.507595,-0.706545,1
28,3,0.70663,-0.146329,0.681045,1
28,4,0.86061,0.083067,-1.858739,0
29,0,0.726034,3.629753,0.655073,0
29,1,2.290348,1.572504,0.585834,1
29,2,0.578442,2.182478,-0.343799,0
29,3,1.440902,3.499719,-1.044298,0
29,4,1.39342,1.09328,0.731463,1
30,0,0.482482,2.453104,0.915399,0
30,1,1.113462,-0.83811,-0.18097,1
30,2,0.585003,2.092858,0.056574,0
30,3,2.561139,2.992915,-1.841832,1
30,4,0.474247,0.400138,-0.952483,0
31,0,-0.169944,0.133236,1.439551,0
31,1,0.446581,1.179995,-0.509097,0
31,2,-0.009315,-0.6215,0.521118,1
31,3,-1.30071,1.049384,-0.011854,0
31,4,1.633811,-1.515621,-1.512793,1
32,0,-0.484929,-0.247547,-1.163046,0
32,1,-0.253265,-0.785108,0.3596,0
32,2,-0.265542,0.504007,0.14031,0
32,3,-0.607837,-0.937202,-1.604154,0
32,4,-0.580468,-0.298724,-0.503571,0
33,0,2.104938,3.659451,0.809444,0
33,1,2.339262,2.761148,-2.108831,0
33,2,2.674666,3.519936,-0.390202,1
33,3,3.524477,2.226053,-0.331225,1
33,4,0.316969,2.801239,0.042053,1
34,0,-0.715658,-2.859045,0.627224,1
34,1,-1.283495,-2.422141,1.700332,1
34,2,-0.984261,-3.855915,1.617324,1
34,3,-1.91218,-3.427348,0.601154,0
34,4,-2.089583,-2.001868,0.18974,0
35,0,0.075133,0.395456,2.324415,0
35,1,-0.37509,0.011794,-0.811906,0
35,2,0.218854,0.179203,-1.007926,1
35,3,0.110761,-0.799646,0.538827,1
35,4,-0.390904,1.546906,-1.393111,0
36,0,-1.709382,-0.584822,-0.786512,0
36,1,-0.590038,-2.257942,0.595848,1
36,2,-0.262806,-2.141996,0.141123,1
36,3,-2.198677,-0.845139,-0.651658,0
36,4,-0.193496,-2.230422,-1.251312,0
37,0,-0.608252,-0.633116,-1.0954,0
37,1,0.170565,0.994046,0.760677,0
37,2,-0.385676,-0.59172,-1.14876,0
37,3,-1.683423,-0.186805,0.011178,0
37,4,-0.554092,-0.676784,2.087282,0
38,0,0.509288,-0.071825,-0.715434,0
38,1,0.22788,1.366786,0.413002,0
38,2,0.147255,1.364975,1.348787,0
38,3,-0.568342,0.295546,-0.896569,0
38,4,0.886524,0.192527,1.281076,1
39,0,-2.057355,-3.227162,-0.185639,0
39,1,-1.333694,-2.015371,1.019184,0
39,2,-2.344232,-4.138816,-0.402907,0
39,3,-2.421516,-3.844829,-0.068286,0
39,4,-0.80912,-2.236003,0.166997,1
40,0,-0.833905,-1.30933,-1.355273,0
40,1,-0.951551,-1.411993,0.341598,0
40,2,-2.043029,-1.558366,-0.133165,0
40,3,-1.456161,-3.658066,-0.207545,0
40,4,-1.565025,-4.220142,-1.217473,1
41,0,-0.819673,-3.123522,-0.556705,1
41,1,-1.744954,-1.603637,0.0675,0
41,2,-1.226119,-2.417998,-0.598936,0
41,3,-1.313889,-3.154223,1.683342,1
41,4,-2.235207,-2.504998,1.01888,0
42,0,0.570067,0.044221,1.513797,0
42,1,-0.158474,2.990792,0.028267,0
42,2,0.754884,1.375552,-0.479417,0
42,3,2.378293,1.359455,0.962202,1
42,4,1.163771,1.515687,-0.237148,1
43,0,-0.608328,-1.109588,-0.359666,1
43,1,0.628139,-0.944305,0.358689,1
43,2,-1.146764,-2.713793,-1.687818,1
43,3,-2.360198,0.257314,-0.758817,0
43,4,-0.606698,-2.388003,0.591138,1
44,0,-1.993938,-2.759409,-0.394627,0
44,1,-3.027266,-3.608589,-0.141215,0
44,2,-1.485623,-3.631779,2.35694,1
44,3,-2.926744,-3.265333,0.674077,0
44,4,-2.924362,-2.904185,-0.924859,1
45,0,-0.272219,-0.178228,0.330524,1
45,1,-0.936207,-0.575639,-0.732562,0
45,2,0.328017,-2.284319,0.217053,1
45,3,-0.892017,-1.508744,-1.315833,0
45,4,-0.302949,-1.165002,-1.169699,0
46,0,-1.318573,-1.168471,0.17659,0
46,1,-2.4736,-2.790787,-1.725498,0
46,2,-1.698993,-2.516153,2.353155,0
46,3,-0.92544,-1.434313,0.909583,0
46,4,-0.862621,-3.187144,1.573308,1
47,0,-2.541753,-3.245339,1.108361,0
47,1,-2.498108,-3.893381,-0.448646,0
47,2,-2.073086,-3.691302,-0.277705,1
47,3,-3.781395,-4.002431,1.231047,0
47,4,-1.659256,-3.363094,-0.94869,1
